{
  "project_info": {
    "project_number": "868442047908",
    "project_id": "live-scores-schedule",
    "storage_bucket": "live-scores-schedule.appspot.com"
  },
  "client": [
    {
      "client_info": {
        "mobilesdk_app_id": "1:868442047908:android:70b41b1ddb5e934b1bed31",
        "android_client_info": {
          "package_name": "com.meal.mateapp"
        }
      },
      "oauth_client": [],
      "api_key": [
        {
          "current_key": "AIzaSyDZBXRuY5OQkzJZIJie-py9eFwr8cHplXE"
        }
      ],
      "services": {
        "appinvite_service": {
          "other_platform_oauth_client": []
        }
      }
    }
  ],
  "configuration_version": "1"
}